learning_rate,hidden_layers,mean_accuracy,mean_loss,std_accuracy,t_stat_acc,p_value_acc,t_stat_loss,p_value_loss,rank
0.003,"((512, 256), (256, 128), (128, 64), (64, 32), (32, 16))",0.6917857142857142,10.545429140329361,0.013674421227911912,12.649229166267371,0.0002249122058891492,1.055466080092815,0.35074323643615857,1.0
0.00415,"((512, 256), (256, 128), (128, 64), (64, 32), (32, 16))",0.6746428571428572,5.932539841532708,0.009675869417245768,12.296728345807539,0.00025123719867081035,1.6082741253224797,0.18305654417126033,2.0
0.00415,"((256, 128), (128, 64), (64, 32))",0.6692857142857143,1.257661423816326,0.02164768922955963,8.447400996448584,0.0010758118775059508,0.6593189191971452,0.5457160858536093,3.0
0.006,"((256, 128), (128, 64), (64, 32))",0.6614285714285714,2.6667923136752973,0.020720442434800406,7.962913143055474,0.0013474968736462986,1.83621155247142,0.14021323708892225,4.0
0.006,"((512, 256), (256, 128), (128, 64), (64, 32), (32, 16))",0.6589285714285714,2.4289939909460063,0.012677313820927742,12.333333333333336,0.00024833107842446876,2.1159354199760605,0.10180711412232361,5.0
0.003,"((256, 128), (128, 64), (64, 32))",0.6560714285714286,1.2640413244036917,0.00728431359084681,16.124761595382914,8.652147087812689e-05,1.0456329317750426,0.3547537648369387,6.0
0.006,"((64, 32), (32, 16), (16, 8), (8, 4), (4, 2))",0.5267857142857142,0.9710877470513607,0.01656003302767092,,,,,7.0
0.00415,"((64, 32), (32, 16), (16, 8), (8, 4), (4, 2))",0.51,1.0004610054036402,0.03671108935502533,-1.062570933877877,0.3478706729409434,0.9716497264373435,0.3862456138058222,8.0
0.003,"((64, 32), (32, 16), (16, 8), (8, 4), (4, 2))",0.5057142857142857,1.0064398240535817,0.04218823223098486,-0.7879986345292601,0.47477004895716096,1.4704781795963977,0.21538507994244077,9.0
