learning_rate,hidden_layers,mean_accuracy,mean_loss,std_accuracy,t_stat_acc,p_value_acc,t_stat_loss,p_value_loss,rank
0.006,"((256, 128), (128, 64), (64, 32))",0.795,1.2998039809670066,0.0160674598274314,4.873058777294377,0.008201564113838059,7.669564838331349,0.0015537570971505981,1.0
0.006,"((512, 256), (256, 128), (128, 64), (64, 32), (32, 16))",0.7932142857142856,1.266082649714658,0.019541948600434917,5.251073270466082,0.006292600252681654,5.7199606974773625,0.0046226416413328005,2.0
0.003,"((512, 256), (256, 128), (128, 64), (64, 32), (32, 16))",0.7907142857142857,1.2194389867199664,0.022229094742279187,7.980746061134117,0.0013360846158963966,5.499592167187444,0.0053295544034708785,3.0
0.00415,"((512, 256), (256, 128), (128, 64), (64, 32), (32, 16))",0.79,1.28897471063234,0.017842851423995408,4.790395684999161,0.008709042120488304,3.6698775282254985,0.021393451067555812,4.0
0.003,"((256, 128), (128, 64), (64, 32))",0.7885714285714285,1.014992929641789,0.015093247577939626,4.192060791096434,0.013783615469670144,-0.12694042261959626,0.9051129465536216,5.0
0.00415,"((256, 128), (128, 64), (64, 32))",0.7775000000000001,1.138486236944261,0.017985254731448817,3.7811541676482094,0.019416451530199618,1.773311930042618,0.15085582931093433,6.0
0.006,"((64, 32), (32, 16), (16, 8), (8, 4), (4, 2))",0.7414285714285714,1.0201600055431193,0.018810277260376713,-0.39840953644479493,0.7106791125154117,-1.2257382704106858,0.2875282516979414,7.0
0.00415,"((64, 32), (32, 16), (16, 8), (8, 4), (4, 2))",0.7396428571428572,0.9332475124285532,0.01638192134454243,-0.39840953644479493,0.7106791125154117,-1.2257382704106858,0.2875282516979414,8.0
0.003,"((64, 32), (32, 16), (16, 8), (8, 4), (4, 2))",0.7314285714285715,0.9054800957427244,0.03191586516106984,-0.6803013430498082,0.5336519911308577,-2.6819759168110933,0.05511531137798317,9.0
